customer_id,name,location,contact_email,phone,industry,company_size,created_date,status
CUST-0001,"Rodriguez, Figueroa and Sanchez","Lake Curtis, Saint Vincent and the Grenadines",garzaanthony@robinson.org,2834863794,Education,Enterprise (5000+),2024-01-12,Active
CUST-0002,Moore-Bernard,"Curtisfurt, Bhutan",melanie94@blair.com,(518)349-5931x0341,Manufacturing,Large (501-5000),2024-07-06,Suspended
CUST-0003,"Flowers, Martin and Kelly","Jacquelineland, New Caledonia",amandasanchez@gray-mayo.net,550.730.5641,Healthcare,Enterprise (5000+),2024-04-07,Active
CUST-0004,"Ellis, Baker and Wright","Juliechester, Ukraine",icox@snyder.com,+1-326-691-6697x8480,Education,Large (501-5000),2023-01-22,Active
CUST-0005,Graham-Chavez,"Teresaburgh, Madagascar",harrellkenneth@romero.com,+1-680-595-7015,Technology,Medium (51-500),2024-12-30,Active
CUST-0006,Miller Group,"Port Amandaberg, Brunei Darussalam",karroyo@rose-obrien.com,+1-534-565-7871,Technology,Large (501-5000),2022-09-03,Active
CUST-0007,"Spencer, Chapman and Smith","East Carloston, Tokelau",chad34@washington.org,001-773-876-3116,Manufacturing,Enterprise (5000+),2022-10-25,Active
CUST-0008,"Valdez, Lucas and Brown","Laurenville, Egypt",jameswest@white-ford.com,581.808.0132x677,Technology,Medium (51-500),2024-03-12,Inactive
CUST-0009,Galloway LLC,"Mitchellside, Panama",smoore@novak.net,2503097882,Healthcare,Small (1-50),2025-02-11,Active
CUST-0010,Leonard and Sons,"Wilsonshire, Egypt",harveyrobert@cunningham.com,946.324.7510,Technology,Medium (51-500),2024-09-25,Active
CUST-0011,Anderson-Bailey,"East Mikeburgh, Kazakhstan",cheryl80@montoya.com,911-682-4493x534,Technology,Small (1-50),2025-04-13,Active
CUST-0012,Calderon-Williams,"Kellieview, Central African Republic",barnold@smith.com,+1-605-798-2620,Technology,Large (501-5000),2023-06-24,Suspended
CUST-0013,"Wright, Garcia and Deleon","Dicksonberg, Uzbekistan",michellecherry@keith.com,001-756-634-2160x7337,Healthcare,Medium (51-500),2022-09-07,Active
CUST-0014,"Lee, Murphy and Lin","Michaelhaven, Iran",sheila14@carpenter.com,896-555-6981,Finance,Small (1-50),2024-06-09,Active
CUST-0015,Meyer PLC,"West Ryan, Yemen",cindy14@parker.com,+1-823-266-2994,Finance,Large (501-5000),2023-06-24,Active
CUST-0016,Floyd-Lawson,"Stevenmouth, Peru",williamleon@jackson.org,813-543-3200x37917,Education,Enterprise (5000+),2024-09-07,Active
CUST-0017,Sanchez-Douglas,"Port Michelleville, Slovakia (Slovak Republic)",zrobinson@holmes.com,927.488.9579x868,Education,Enterprise (5000+),2024-07-01,Active
CUST-0018,Walton-Larsen,"Katiehaven, Libyan Arab Jamahiriya",joshuajones@young-rogers.net,822-736-2316,Retail,Enterprise (5000+),2024-05-08,Active
CUST-0019,Clark Group,"Steinshire, Yemen",gateskathy@woods-bender.com,001-766-888-9373x46706,Education,Medium (51-500),2024-07-28,Active
CUST-0020,Hooper PLC,"South Brittanytown, Belize",dtaylor@williams.com,975.256.4641,Education,Small (1-50),2024-01-27,Active
CUST-0021,Santos Ltd,"Port Anthonybury, Cook Islands",howelljohn@caldwell-elliott.com,645.829.9124x190,Manufacturing,Medium (51-500),2022-11-28,Active
CUST-0022,"Vaughn, Burton and Garcia","Melissaville, South Africa",reedross@jones-holland.com,(971)865-7262x84987,Education,Large (501-5000),2023-12-15,Active
CUST-0023,Rivas Inc,"Nicolebury, Sao Tome and Principe",qhudson@rogers-snyder.com,(273)554-5494,Technology,Medium (51-500),2024-04-24,Active
CUST-0024,Peters-Allen,"Brewerfort, Kiribati",davisjeffrey@sanchez.net,356.485.5744x43135,Healthcare,Medium (51-500),2024-08-23,Active
CUST-0025,Hardy-Bray,"Tinaborough, French Polynesia",michaelturner@ferguson.net,627-910-9477x7520,Technology,Small (1-50),2024-04-15,Active
CUST-0026,Jones-Soto,"East Edwardshire, Yemen",christopher31@duran.com,001-586-577-4964x99091,Finance,Small (1-50),2023-04-02,Active
CUST-0027,Thompson Inc,"North Ricky, Portugal",ocarter@mann-warner.info,434-693-6183,Healthcare,Small (1-50),2022-11-02,Active
CUST-0028,Sparks PLC,"Scottmouth, Portugal",holly48@snyder.biz,001-459-940-1399x0490,Retail,Enterprise (5000+),2023-10-08,Active
CUST-0029,Shea Group,"Costafort, Guernsey",qcook@hodge.biz,001-874-268-0715x451,Education,Enterprise (5000+),2024-05-04,Active
CUST-0030,Lopez LLC,"Garrettton, Costa Rica",andrea47@washington.com,001-424-980-8613x171,Education,Large (501-5000),2024-09-30,Active
CUST-0031,"Hill, Davenport and Baird","South Andrea, Hungary",sandraromero@shields.biz,784-804-4997x27875,Manufacturing,Large (501-5000),2023-05-22,Active
CUST-0032,"Allen, Reyes and Chase","Williamsfort, Romania",qhughes@pollard.net,001-851-471-8702,Technology,Enterprise (5000+),2023-09-17,Active
CUST-0033,Hanson-Sanders,"Port Markside, Hong Kong",courtney78@williamson.com,216.711.7240,Technology,Large (501-5000),2024-02-09,Active
CUST-0034,Jordan-Sanchez,"Knightburgh, Chile",christianpitts@vega.com,647.840.7482x175,Education,Large (501-5000),2024-07-11,Inactive
CUST-0035,Gonzalez-Cruz,"Rodriguezfurt, Montserrat",bailey40@foster.com,+1-274-639-5339x421,Manufacturing,Small (1-50),2025-01-18,Suspended
CUST-0036,Oconnor-Davis,"Markchester, China",davidryan@schmidt-mcintyre.com,374-851-7123x685,Technology,Large (501-5000),2024-11-12,Active
CUST-0037,Gibson Ltd,"Brendastad, Botswana",thomasharvey@murphy.info,001-446-812-0047x113,Manufacturing,Large (501-5000),2025-06-08,Active
CUST-0038,"Horton, Fernandez and Matthews","South Diana, Syrian Arab Republic",rgilbert@vaughn.info,935.315.8506x431,Education,Medium (51-500),2025-04-24,Active
CUST-0039,"Harper, Smith and Buchanan","East Kristin, Costa Rica",gallegosangela@robinson.com,+1-704-522-8421x020,Retail,Large (501-5000),2022-08-26,Active
CUST-0040,Baker and Sons,"Foxland, Lebanon",gstrickland@rodriguez.com,001-384-770-0766x1771,Retail,Medium (51-500),2022-11-12,Active
CUST-0041,Hill Ltd,"Oscarhaven, French Polynesia",bwagner@mcguire.net,001-736-673-6576x6156,Finance,Medium (51-500),2025-07-03,Active
CUST-0042,Jones-Decker,"South Colinstad, Sudan",angelawillis@hoffman.biz,001-304-794-5198x3273,Retail,Large (501-5000),2023-01-27,Active
CUST-0043,Andrews-Aguirre,"New Sarahview, Antarctica (the territory South of 60 deg S)",joshuafarmer@bell-white.com,001-861-920-1836,Finance,Medium (51-500),2024-02-27,Active
CUST-0044,Griffith-Frank,"North Ericton, Peru",nelsonebony@lawson-perry.com,001-281-256-1497x84036,Healthcare,Large (501-5000),2023-06-26,Inactive
CUST-0045,Duran LLC,"Davidfort, San Marino",ythompson@padilla.com,860-860-7159,Education,Enterprise (5000+),2023-10-25,Active
CUST-0046,Sullivan LLC,"Port Stacey, Kuwait",christopher13@chapman-warren.biz,453-552-1818x8355,Technology,Medium (51-500),2023-09-03,Active
CUST-0047,Thompson and Sons,"East Stephaniefort, Kyrgyz Republic",kmaldonado@reid.com,(771)377-4490,Finance,Enterprise (5000+),2024-07-04,Active
CUST-0048,Brown LLC,"Lake Michelleland, Nicaragua",jford@huang.com,997-982-0715x18203,Retail,Medium (51-500),2024-02-18,Active
CUST-0049,Hardin-Hughes,"Erikaton, Somalia",cameron18@hughes.org,(351)692-5462,Retail,Enterprise (5000+),2025-04-27,Active
CUST-0050,Li-Santiago,"Lake Ellenhaven, Guyana",coxhenry@peterson.com,222.714.1888,Retail,Medium (51-500),2025-02-14,Active
CUST-0051,Moore-White,"Lake Samuel, Isle of Man",erica37@mitchell.net,847.835.9774,Healthcare,Medium (51-500),2025-02-26,Suspended
CUST-0052,Salas Inc,"Sawyerside, Vietnam",dawsonzachary@mitchell.com,782.561.3750x606,Manufacturing,Small (1-50),2024-03-06,Active
CUST-0053,Johnson Inc,"Laceyberg, Argentina",samantha72@harrison.com,232-589-8614x341,Manufacturing,Enterprise (5000+),2022-11-07,Inactive
CUST-0054,Copeland Group,"Lake Zacharybury, Saint Barthelemy",kellysmith@allen-butler.com,651.288.8880x67065,Finance,Small (1-50),2024-01-19,Inactive
CUST-0055,Quinn Ltd,"Port Bonniemouth, Burkina Faso",bellmatthew@thompson.info,+1-822-917-0430x3054,Finance,Small (1-50),2025-05-02,Active
CUST-0056,Mitchell Inc,"Joshuastad, Jordan",ypaul@beltran-crawford.info,(384)316-1692x845,Finance,Large (501-5000),2023-11-21,Inactive
CUST-0057,Morrison-Simmons,"Bellton, Saint Lucia",christina64@whitney.biz,(782)802-9702x135,Retail,Small (1-50),2025-02-26,Active
CUST-0058,Shelton LLC,"Scottland, Montserrat",alyssasanders@ramirez.com,386.481.4473x9473,Technology,Enterprise (5000+),2023-04-27,Active
CUST-0059,"Wallace, Miller and Fleming","Elizabethland, Mexico",patricia22@hicks-martinez.com,(437)305-8957,Technology,Large (501-5000),2024-04-11,Active
CUST-0060,"Higgins, Fox and Hammond","East Teresaland, Korea",wfrazier@humphrey.org,(426)480-1824,Finance,Medium (51-500),2024-01-21,Active
CUST-0061,"Jacobson, Singleton and King","Davidport, Nicaragua",shawgary@moore.org,690-601-0943x96907,Manufacturing,Medium (51-500),2025-07-01,Active
CUST-0062,Evans-Jones,"East Scottfort, Kyrgyz Republic",matthewthomas@flores.biz,(658)981-5371,Healthcare,Medium (51-500),2022-12-30,Active
CUST-0063,Roberts Group,"Wrightburgh, Suriname",sarah53@jimenez.info,247.601.6873x3950,Manufacturing,Enterprise (5000+),2023-10-19,Active
CUST-0064,"Smith, Rodriguez and Anderson","Jessicafurt, Haiti",moralesashley@cox.com,(787)484-9912x1655,Healthcare,Enterprise (5000+),2024-09-16,Active
CUST-0065,Williams and Sons,"Lindahaven, Korea",catherinerobertson@velazquez-flores.biz,+1-749-758-8879x470,Education,Small (1-50),2024-05-10,Active
CUST-0066,"Parker, Roach and Wiggins","New Thomasshire, Morocco",jennifersilva@warren.org,001-562-830-9130x75626,Retail,Enterprise (5000+),2022-11-06,Active
CUST-0067,"Taylor, Clark and Nguyen","Foxmouth, Zimbabwe",stevepatel@gomez.com,+1-773-934-8434x437,Finance,Large (501-5000),2023-10-23,Active
CUST-0068,Berry PLC,"Huangfurt, Svalbard & Jan Mayen Islands",stephanie24@roberts.com,(574)573-3848x421,Technology,Medium (51-500),2025-04-19,Active
CUST-0069,Williams Group,"Jenniferville, Pitcairn Islands",adampierce@russell.info,+1-434-254-0193x8026,Manufacturing,Enterprise (5000+),2023-05-18,Active
CUST-0070,"Hayden, Howe and Mcdowell","West Ashleyville, Vanuatu",justin88@small-anderson.net,543.415.2742x054,Retail,Enterprise (5000+),2024-05-27,Suspended
CUST-0071,"Murphy, Morales and Davis","South Marcus, Egypt",greenjoe@finley-turner.org,8456301742,Education,Small (1-50),2025-04-20,Active
CUST-0072,Richardson-Walker,"South Eric, San Marino",robert87@pham.org,587-485-1910,Healthcare,Large (501-5000),2024-10-18,Active
CUST-0073,Wilson-Harris,"Davishaven, Kiribati",chavezwilliam@elliott-hansen.com,001-206-340-3910x6518,Manufacturing,Small (1-50),2023-10-21,Active
CUST-0074,White-Taylor,"Brooksfurt, Kiribati",rbennett@baxter.com,(986)882-3004,Retail,Enterprise (5000+),2023-07-24,Active
CUST-0075,Murray and Sons,"Jacobville, Antigua and Barbuda",bmendez@harris.org,5792030673,Healthcare,Large (501-5000),2023-07-31,Active
CUST-0076,"Johnston, Ray and Barton","Joelberg, Panama",roberthill@fry.biz,+1-470-656-8566,Manufacturing,Medium (51-500),2024-11-14,Active
CUST-0077,Allen-Perez,"Port Steven, Azerbaijan",jfaulkner@anderson.com,551.583.0469x901,Manufacturing,Medium (51-500),2024-01-01,Active
CUST-0078,Krueger-Smith,"Lake David, Saudi Arabia",srocha@padilla.com,001-746-578-5445x87717,Finance,Large (501-5000),2024-05-06,Active
CUST-0079,Hart and Sons,"North Jose, Vietnam",mphillips@hall-hudson.com,485.247.7725x2287,Retail,Small (1-50),2022-11-25,Active
CUST-0080,"Williams, Smith and Taylor","North Jasmine, Algeria",williambrooks@little.info,6082860084,Retail,Enterprise (5000+),2023-05-07,Active
CUST-0081,Hull PLC,"East James, Malta",lisa46@watson.info,001-833-941-0166,Technology,Small (1-50),2025-07-28,Inactive
CUST-0082,Miller Group,"Arielville, Ukraine",hallrachel@clay.com,+1-448-590-2503x92614,Retail,Enterprise (5000+),2025-06-18,Active
CUST-0083,"Rivera, Campos and Taylor","New Juliestad, Austria",kimmary@jacobs-austin.org,(850)347-7358x6629,Retail,Large (501-5000),2023-08-19,Active
CUST-0084,"Jones, Adams and James","Lake Peter, Guyana",davissherry@ward-nelson.com,226-378-8861,Finance,Small (1-50),2025-02-14,Active
CUST-0085,"Mueller, Shields and Smith","Hughesland, Saint Kitts and Nevis",ashleyjackson@jackson-adams.com,921.526.4647x1543,Manufacturing,Small (1-50),2023-02-28,Active
CUST-0086,Smith-Foster,"Brockmouth, Kazakhstan",ryan92@flores-valentine.com,752.365.4793x5646,Retail,Medium (51-500),2025-02-06,Active
CUST-0087,"White, Saunders and Johnson","Hahnborough, Kazakhstan",marie16@porter.com,001-266-717-9796x886,Education,Small (1-50),2023-01-18,Active
CUST-0088,Sandoval LLC,"Lake Cheyenne, Mongolia",vrasmussen@rodriguez-garcia.com,288.999.3756x79825,Technology,Large (501-5000),2024-05-09,Active
CUST-0089,Wilson Ltd,"West Larry, Korea",adrianabailey@kim.info,714-801-0512x38282,Manufacturing,Medium (51-500),2024-04-22,Inactive
CUST-0090,"Lopez, Davidson and Reynolds","Lake Christinaborough, Korea",tprice@harris.com,001-618-925-5371,Retail,Large (501-5000),2025-02-14,Active
CUST-0091,Carr-Matthews,"Michaelmouth, Niger",lisamccarthy@sellers-lawrence.com,813-841-2528x66929,Healthcare,Enterprise (5000+),2025-04-15,Active
CUST-0092,"Steele, Brewer and Cooke","South Keith, Colombia",megan90@crane-washington.com,(588)676-7677x2190,Technology,Large (501-5000),2023-07-17,Active
CUST-0093,"Roberts, Norman and Cunningham","Dunnville, Montserrat",adamsamy@weaver-sherman.info,+1-736-313-4074,Manufacturing,Small (1-50),2023-08-05,Active
CUST-0094,Cochran PLC,"Michellechester, Chad",kristenli@hudson.com,+1-282-654-4948x126,Education,Medium (51-500),2025-07-26,Active
CUST-0095,Wright Ltd,"Mariafurt, Liechtenstein",barbaraadams@brooks-jones.com,(884)557-7590x1751,Manufacturing,Medium (51-500),2024-09-08,Active
CUST-0096,Morris-Campbell,"New Melissa, Solomon Islands",patricia00@sims.com,427-670-6324,Technology,Large (501-5000),2023-08-25,Active
CUST-0097,Watson Ltd,"North Randy, Gambia",rubendavis@smith.com,(893)487-0051,Manufacturing,Small (1-50),2023-07-23,Active
CUST-0098,Davis-Shaffer,"West Michaelport, Burundi",wayala@may.com,489-809-2753,Retail,Enterprise (5000+),2023-07-05,Active
CUST-0099,Mosley and Sons,"New Jessicastad, Japan",kylie34@miller.org,804-338-9836x4037,Healthcare,Enterprise (5000+),2025-04-19,Active
CUST-0100,"Jones, Oneal and Smith","Sarahberg, Iceland",rdiaz@farmer.com,001-610-843-0068,Manufacturing,Enterprise (5000+),2022-12-08,Active
CUST-0101,"Herrera, Jensen and Ramirez","Christianborough, Sri Lanka",amandamyers@hines.com,001-663-403-1617x990,Technology,Small (1-50),2023-03-03,Active
CUST-0102,"Smith, Crawford and Reed","Garyberg, San Marino",jessica10@roman-nelson.com,491-677-8507x925,Technology,Small (1-50),2023-07-22,Active
CUST-0103,"Hicks, Williams and Roy","North Thomas, Hungary",haroldhorne@tran.biz,353.265.4195,Healthcare,Medium (51-500),2024-10-11,Active
CUST-0104,Finley Inc,"Clineport, Greece",tranalan@carter.org,275.897.3832,Technology,Medium (51-500),2024-11-20,Active
CUST-0105,Fields-Steele,"West Aaronfurt, Thailand",dalton83@vasquez-brown.com,001-441-803-8657x191,Technology,Small (1-50),2024-06-07,Inactive
CUST-0106,"Brandt, Young and Green","Sarafurt, Reunion",louis43@harding.org,721-527-7561,Manufacturing,Large (501-5000),2024-07-21,Active
CUST-0107,Phelps-Davis,"Margaretton, Cuba",eddie35@palmer-byrd.com,(306)478-8317,Technology,Small (1-50),2022-11-05,Active
CUST-0108,Anderson Group,"Ginaland, Myanmar",samantha10@gonzalez.info,(815)810-7029,Manufacturing,Small (1-50),2024-03-18,Active
CUST-0109,"Simmons, Gomez and Odonnell","Joshuaberg, Antigua and Barbuda",deborahporter@mendoza.biz,983.780.6578,Retail,Large (501-5000),2024-03-27,Active
CUST-0110,White-Flores,"North Paula, Slovakia (Slovak Republic)",brian78@wang-key.com,733-448-0396,Healthcare,Medium (51-500),2025-02-07,Active
CUST-0111,Drake-Wolfe,"Lake Jackieshire, Mongolia",annalopez@weaver-thompson.com,703-593-0870,Healthcare,Large (501-5000),2023-05-04,Active
CUST-0112,Brown-Hernandez,"Port Daniel, Malta",susan56@garcia.com,001-667-452-8953x9264,Healthcare,Small (1-50),2025-07-27,Active
CUST-0113,"Myers, Gamble and Sanford","East Carriebury, Northern Mariana Islands",zunigadonald@miller.com,001-257-804-3315x410,Manufacturing,Enterprise (5000+),2023-04-17,Inactive
CUST-0114,Snyder-Gray,"Garciafort, Solomon Islands",franciscojones@phillips.com,715-926-2181,Education,Small (1-50),2024-06-02,Active
CUST-0115,"Martin, Preston and Moore","West Jamieborough, Ireland",donna43@williams.net,520.450.6149x7310,Education,Large (501-5000),2022-12-07,Active
CUST-0116,Anthony-Parker,"Ruizview, Bermuda",ylopez@lopez-williams.info,543.249.0211x586,Manufacturing,Enterprise (5000+),2024-11-10,Inactive
CUST-0117,"Camacho, Wells and Keith","Evansfurt, United Kingdom",shawrachel@byrd.info,(523)432-0616,Retail,Large (501-5000),2023-12-11,Active
CUST-0118,"Sloan, Jones and Hughes","Arnoldview, Mali",astark@dean.biz,(629)799-1191,Manufacturing,Large (501-5000),2024-03-19,Active
CUST-0119,"Washington, Lynch and Johnson","Richardfurt, Argentina",vpreston@young.com,6549447132,Finance,Large (501-5000),2024-05-10,Inactive
CUST-0120,"Brewer, Lopez and Lewis","Figueroahaven, Trinidad and Tobago",lori82@collins.biz,(289)902-3303,Technology,Large (501-5000),2025-07-31,Active
CUST-0121,Hill Group,"Reidville, Pitcairn Islands",allentracy@thompson-harrell.org,+1-255-424-1406,Retail,Medium (51-500),2023-07-11,Active
CUST-0122,"Perez, Clark and Pearson","Port Kimberlytown, Lebanon",deborahburke@walker.com,001-846-365-7437x489,Technology,Large (501-5000),2024-12-21,Inactive
CUST-0123,"Wheeler, Campbell and Cohen","Brownview, Northern Mariana Islands",michelle44@hernandez.com,+1-565-720-7446x660,Education,Medium (51-500),2025-07-03,Active
CUST-0124,"Little, Alvarez and Shepard","Williamburgh, Tajikistan",kellyruiz@green.com,+1-351-935-3465x54947,Technology,Small (1-50),2024-08-04,Active
CUST-0125,Mason Ltd,"Morenochester, Austria",derrickgonzalez@benitez-orozco.info,(252)917-5250,Finance,Medium (51-500),2023-04-20,Active
CUST-0126,"Duran, Burns and Gallagher","East Christinachester, Iraq",ysanford@johnson.com,6584300335,Technology,Enterprise (5000+),2024-09-21,Active
CUST-0127,"Torres, Brown and Williams","Stephenhaven, Nepal",ryan25@howard-lopez.biz,3337230982,Education,Small (1-50),2024-03-06,Active
CUST-0128,"Scott, Nichols and Williams","Lake Danieltown, Australia",butleromar@king.com,661-384-9926x1891,Technology,Enterprise (5000+),2023-06-06,Inactive
CUST-0129,"Gonzalez, Baker and Mills","West Jade, French Polynesia",benjamincrawford@watts.com,300.311.9721,Finance,Medium (51-500),2024-07-11,Active
CUST-0130,Baker-Williams,"Port Benjamin, French Guiana",laurie56@wilson.com,(725)457-9415,Technology,Enterprise (5000+),2024-04-14,Active
CUST-0131,Nelson-Cruz,"Marshburgh, Bouvet Island (Bouvetoya)",heatherbrown@garcia.info,001-972-996-5902,Technology,Enterprise (5000+),2024-06-16,Active
CUST-0132,Brown Ltd,"Alexanderhaven, Seychelles",tiffanysantiago@stone-watts.org,263-275-6289,Education,Medium (51-500),2024-09-25,Active
CUST-0133,Christian-Booth,"Port Travisbury, Greenland",brent38@gray.info,001-371-877-5170,Manufacturing,Small (1-50),2024-12-14,Active
CUST-0134,"Smith, Davis and Munoz","Pamelaside, Costa Rica",xclements@velasquez.com,+1-299-775-7113,Finance,Large (501-5000),2024-11-29,Active
CUST-0135,"Brooks, Rodriguez and Prince","Taylorchester, Botswana",cheryl31@lewis-summers.com,001-951-260-9177x982,Retail,Small (1-50),2024-12-08,Inactive
CUST-0136,Roberson-Webb,"Lake Beth, Saint Martin",dalesandoval@andrade.org,001-634-765-4722x698,Education,Medium (51-500),2023-06-10,Active
CUST-0137,Weber LLC,"Samanthaberg, Russian Federation",williambenson@page-hodges.net,299.268.4608x1062,Healthcare,Large (501-5000),2023-04-09,Active
CUST-0138,Vega-Thomas,"Lake Kristenborough, Sao Tome and Principe",howardshaun@parrish.net,(538)940-6665x8004,Healthcare,Large (501-5000),2025-02-01,Active
CUST-0139,"Rodgers, Gonzalez and Hardy","West Shane, Pitcairn Islands",lopezglenn@wilson.com,(429)740-5720,Retail,Small (1-50),2025-03-30,Active
CUST-0140,"Cameron, Turner and Tyler","Charlesmouth, Malta",susanmeyer@moore.com,935.255.4398,Technology,Large (501-5000),2024-06-24,Suspended
CUST-0141,Conway PLC,"North Felicia, Gibraltar",hmoon@scott-ramsey.com,258.387.7043x58112,Healthcare,Medium (51-500),2025-07-01,Suspended
CUST-0142,Houston-Harris,"Lucasland, San Marino",andrewlove@miller.com,281-893-4667x665,Education,Small (1-50),2024-11-09,Active
CUST-0143,May PLC,"Port Julieton, Reunion",howardwesley@buchanan-turner.com,476-660-7283x2684,Education,Large (501-5000),2022-08-19,Active
CUST-0144,"Baxter, Thomas and Williams","Medinaland, Gambia",kaitlinberger@lewis-whitehead.net,(222)939-4312,Education,Small (1-50),2023-10-27,Active
CUST-0145,"Jones, Garcia and Swanson","Lynnstad, Brunei Darussalam",craigharvey@stewart.com,+1-549-529-9556x205,Education,Enterprise (5000+),2023-10-05,Active
CUST-0146,Taylor-Quinn,"Fordstad, Singapore",tony12@obrien.com,+1-834-511-0809,Technology,Large (501-5000),2024-11-23,Active
CUST-0147,"Kennedy, Rowe and Diaz","Port Brittany, Togo",dennis88@sanders.com,+1-239-528-2722x99275,Manufacturing,Medium (51-500),2022-11-07,Active
CUST-0148,Wood-Williams,"New Rebecca, Guyana",dharrison@williams.com,884-749-8926,Retail,Small (1-50),2024-10-12,Active
CUST-0149,Bennett-Solomon,"Gomezstad, Libyan Arab Jamahiriya",aeaton@macias.net,+1-943-922-2591x3651,Manufacturing,Medium (51-500),2025-02-04,Active
CUST-0150,Holland Group,"East Bradleyshire, Nauru",dennishunt@thomas.net,(899)404-1379x7723,Retail,Medium (51-500),2025-03-27,Active
